candidate_sha256,model,firmware,limits,transport,mode,response_bytes,target_qps,target_seconds,elapsed_seconds,offered,started,actually_sent,valid_expected_responses,response_meaning,timeouts,capacity_skips,generator_skips
e80dcd08741c233703aa686335d34e073117a178f1e0c8821c0cf6522c09697f,RTX830,Rev.15.02.33,default,new_connection,fixture,512,10,15,15.001,150,150,150,150,NOERROR,0,0,0
e80dcd08741c233703aa686335d34e073117a178f1e0c8821c0cf6522c09697f,RTX830,Rev.15.02.33,default,new_connection,fixture,512,40,15,15.0,600,600,600,600,NOERROR,0,0,0
e80dcd08741c233703aa686335d34e073117a178f1e0c8821c0cf6522c09697f,RTX830,Rev.15.02.33,default,new_connection,fixture,512,100,15,15.054,1500,1500,1500,642,NOERROR,0,0,0
e80dcd08741c233703aa686335d34e073117a178f1e0c8821c0cf6522c09697f,RTX830,Rev.15.02.33,default,new_connection,fixture,512,500,15,15.0,7500,7500,7500,679,NOERROR,0,0,0
e80dcd08741c233703aa686335d34e073117a178f1e0c8821c0cf6522c09697f,RTX830,Rev.15.02.33,default,new_connection,fixture,512,2000,15,15.409,30000,25403,25325,495,NOERROR,40,4597,0
e80dcd08741c233703aa686335d34e073117a178f1e0c8821c0cf6522c09697f,RTX830,Rev.15.02.33,default,new_connection,fixture,65535,10,15,15.001,150,150,150,150,NOERROR,0,0,0
e80dcd08741c233703aa686335d34e073117a178f1e0c8821c0cf6522c09697f,RTX830,Rev.15.02.33,default,new_connection,fixture,65535,40,15,15.105,600,600,600,600,NOERROR,0,0,0
e80dcd08741c233703aa686335d34e073117a178f1e0c8821c0cf6522c09697f,RTX830,Rev.15.02.33,default,new_connection,fixture,65535,160,15,15.207,2400,2400,2400,541,NOERROR,0,0,0
e80dcd08741c233703aa686335d34e073117a178f1e0c8821c0cf6522c09697f,RTX830,Rev.15.02.33,default,new_connection,ch,512,1000,15,15.055,15000,15000,15000,680,FORMERR,0,0,0
e80dcd08741c233703aa686335d34e073117a178f1e0c8821c0cf6522c09697f,RTX830,Rev.15.02.33,default,new_connection,ch,512,10000,15,15.312,150000,66924,53151,208,FORMERR,2,83076,0
e80dcd08741c233703aa686335d34e073117a178f1e0c8821c0cf6522c09697f,RTX830,Rev.15.02.33,relaxed,new_connection,fixture,512,10,15,15.001,150,150,150,150,NOERROR,0,0,0
e80dcd08741c233703aa686335d34e073117a178f1e0c8821c0cf6522c09697f,RTX830,Rev.15.02.33,relaxed,new_connection,fixture,512,40,15,15.0,600,600,600,600,NOERROR,0,0,0
e80dcd08741c233703aa686335d34e073117a178f1e0c8821c0cf6522c09697f,RTX830,Rev.15.02.33,relaxed,new_connection,fixture,512,100,15,15.106,1500,1500,1500,1500,NOERROR,0,0,0
e80dcd08741c233703aa686335d34e073117a178f1e0c8821c0cf6522c09697f,RTX830,Rev.15.02.33,relaxed,new_connection,fixture,512,500,15,17.082,7500,6980,4457,2639,NOERROR,1512,520,0
e80dcd08741c233703aa686335d34e073117a178f1e0c8821c0cf6522c09697f,RTX830,Rev.15.02.33,relaxed,new_connection,fixture,512,2000,15,16.582,30000,17357,15635,2709,NOERROR,1131,12643,0
e80dcd08741c233703aa686335d34e073117a178f1e0c8821c0cf6522c09697f,RTX830,Rev.15.02.33,relaxed,new_connection,fixture,65535,10,15,15.001,150,150,150,150,NOERROR,0,0,0
e80dcd08741c233703aa686335d34e073117a178f1e0c8821c0cf6522c09697f,RTX830,Rev.15.02.33,relaxed,new_connection,fixture,65535,40,15,15.054,600,600,600,600,NOERROR,0,0,0
e80dcd08741c233703aa686335d34e073117a178f1e0c8821c0cf6522c09697f,RTX830,Rev.15.02.33,relaxed,new_connection,fixture,65535,160,15,18.003,2400,2400,775,246,NOERROR,1844,0,0
e80dcd08741c233703aa686335d34e073117a178f1e0c8821c0cf6522c09697f,RTX830,Rev.15.02.33,relaxed,new_connection,ch,512,1000,15,16.025,15000,15000,14052,9936,FORMERR,294,0,0
e80dcd08741c233703aa686335d34e073117a178f1e0c8821c0cf6522c09697f,RTX830,Rev.15.02.33,relaxed,new_connection,ch,512,10000,15,15.159,150000,79677,50194,1021,FORMERR,0,70323,0
e80dcd08741c233703aa686335d34e073117a178f1e0c8821c0cf6522c09697f,RTX830,Rev.15.02.33,relaxed,persistent_32,fixture,512,100,25,25.112,2500,2500,2500,2500,NOERROR,0,0,0
e80dcd08741c233703aa686335d34e073117a178f1e0c8821c0cf6522c09697f,RTX830,Rev.15.02.33,relaxed,persistent_32,fixture,512,500,25,25.194,12500,5387,5387,5387,NOERROR,0,7113,0
e80dcd08741c233703aa686335d34e073117a178f1e0c8821c0cf6522c09697f,RTX830,Rev.15.02.33,relaxed,persistent_32,fixture,512,1000,25,25.194,25000,4767,4767,4767,NOERROR,0,20233,0
e80dcd08741c233703aa686335d34e073117a178f1e0c8821c0cf6522c09697f,RTX830,Rev.15.02.33,relaxed,persistent_32,fixture,512,2000,25,25.236,50000,4465,4465,4465,NOERROR,0,45535,0
e80dcd08741c233703aa686335d34e073117a178f1e0c8821c0cf6522c09697f,RTX830,Rev.15.02.33,relaxed,persistent_32,fixture,65535,40,25,25.256,1000,843,843,843,NOERROR,0,157,0
e80dcd08741c233703aa686335d34e073117a178f1e0c8821c0cf6522c09697f,RTX830,Rev.15.02.33,relaxed,persistent_32,fixture,65535,80,25,25.783,2000,848,848,848,NOERROR,0,1152,0
e80dcd08741c233703aa686335d34e073117a178f1e0c8821c0cf6522c09697f,RTX830,Rev.15.02.33,relaxed,persistent_32,fixture,65535,160,25,25.832,4000,787,787,787,NOERROR,0,3213,0
e80dcd08741c233703aa686335d34e073117a178f1e0c8821c0cf6522c09697f,RTX830,Rev.15.02.33,relaxed,persistent_32,fixture,65535,320,25,25.912,8000,765,765,765,NOERROR,0,7235,0
12e192728e91c7768b465c5ce7a2ffa9983403c8ad232a6be4973518df0e2d88,RTX830,Rev.15.02.33,relaxed,persistent_32,fixture,512,2000,25,25.235,50000,5631,5631,5631,NOERROR,0,44369,0
12e192728e91c7768b465c5ce7a2ffa9983403c8ad232a6be4973518df0e2d88,RTX830,Rev.15.02.33,relaxed,persistent_32,fixture,65535,320,25,25.807,8000,895,895,895,NOERROR,0,7105,0
